-- --------------------------------------------------------
-- Host:                         127.0.0.1
-- Server version:               12.1.2-MariaDB - MariaDB Server
-- Server OS:                    Win64
-- HeidiSQL Version:             12.11.0.7065
-- --------------------------------------------------------

/*!40101 SET @OLD_CHARACTER_SET_CLIENT=@@CHARACTER_SET_CLIENT */;
/*!40101 SET NAMES utf8 */;
/*!50503 SET NAMES utf8mb4 */;
/*!40103 SET @OLD_TIME_ZONE=@@TIME_ZONE */;
/*!40103 SET TIME_ZONE='+00:00' */;
/*!40014 SET @OLD_FOREIGN_KEY_CHECKS=@@FOREIGN_KEY_CHECKS, FOREIGN_KEY_CHECKS=0 */;
/*!40101 SET @OLD_SQL_MODE=@@SQL_MODE, SQL_MODE='NO_AUTO_VALUE_ON_ZERO' */;
/*!40111 SET @OLD_SQL_NOTES=@@SQL_NOTES, SQL_NOTES=0 */;


-- Dumping database structure for room_management
CREATE DATABASE IF NOT EXISTS `room_management` /*!40100 DEFAULT CHARACTER SET utf8mb4 COLLATE utf8mb4_unicode_ci */;
USE `room_management`;

-- Dumping structure for table room_management.bills
CREATE TABLE IF NOT EXISTS `bills` (
  `id` int(11) NOT NULL AUTO_INCREMENT,
  `invoice_no` varchar(20) DEFAULT NULL,
  `invoice_number` varchar(20) DEFAULT NULL,
  `room_id` int(11) NOT NULL,
  `tenant_id` int(11) DEFAULT NULL,
  `bill_month` int(11) NOT NULL,
  `bill_year` int(11) NOT NULL,
  `room_price` decimal(10,2) DEFAULT 0.00,
  `water_units` decimal(10,2) DEFAULT 0.00,
  `water_rate` decimal(10,2) DEFAULT 0.00,
  `water_amount` decimal(10,2) DEFAULT 0.00,
  `electric_units` decimal(10,2) DEFAULT 0.00,
  `electric_rate` decimal(10,2) DEFAULT 0.00,
  `electric_amount` decimal(10,2) DEFAULT 0.00,
  `trash_fee` decimal(10,2) DEFAULT 0.00,
  `trash_amount` decimal(10,2) DEFAULT 0.00,
  `other_amount` decimal(10,2) DEFAULT 0.00,
  `other_description` text DEFAULT NULL,
  `total_amount` decimal(10,2) DEFAULT 0.00,
  `is_paid` tinyint(1) DEFAULT 0,
  `paid_date` date DEFAULT NULL,
  `created_at` timestamp NULL DEFAULT current_timestamp(),
  `updated_at` timestamp NULL DEFAULT current_timestamp() ON UPDATE current_timestamp(),
  PRIMARY KEY (`id`),
  UNIQUE KEY `unique_bill` (`room_id`,`bill_month`,`bill_year`),
  UNIQUE KEY `idx_invoice_number` (`invoice_number`),
  UNIQUE KEY `invoice_no` (`invoice_no`),
  KEY `tenant_id` (`tenant_id`),
  CONSTRAINT `1` FOREIGN KEY (`room_id`) REFERENCES `rooms` (`id`) ON DELETE CASCADE,
  CONSTRAINT `2` FOREIGN KEY (`tenant_id`) REFERENCES `tenants` (`id`) ON DELETE SET NULL
) ENGINE=InnoDB DEFAULT CHARSET=utf8mb4 COLLATE=utf8mb4_unicode_ci;

-- Dumping data for table room_management.bills: ~0 rows (approximately)

-- Dumping structure for table room_management.floors
CREATE TABLE IF NOT EXISTS `floors` (
  `id` int(11) NOT NULL AUTO_INCREMENT,
  `name` varchar(100) NOT NULL,
  `sort_order` int(11) DEFAULT 0,
  `created_at` timestamp NULL DEFAULT current_timestamp(),
  `updated_at` timestamp NULL DEFAULT current_timestamp() ON UPDATE current_timestamp(),
  PRIMARY KEY (`id`)
) ENGINE=InnoDB AUTO_INCREMENT=6 DEFAULT CHARSET=utf8mb4 COLLATE=utf8mb4_unicode_ci;

-- Dumping data for table room_management.floors: ~5 rows (approximately)
INSERT INTO `floors` (`id`, `name`, `sort_order`, `created_at`, `updated_at`) VALUES
	(1, 'ชั้น 1', 1, '2026-01-20 13:55:49', '2026-01-20 13:55:49'),
	(2, 'ชั้น 2', 2, '2026-01-20 13:55:49', '2026-01-20 13:55:49'),
	(3, 'ชั้น 3', 3, '2026-01-20 13:55:49', '2026-01-20 13:55:49'),
	(4, 'ห้องแถวเตี้ย 1', 4, '2026-01-20 13:58:13', '2026-01-21 07:55:36'),
	(5, 'ห้องแถวเตี้ย 2', 5, '2026-01-20 13:58:13', '2026-01-21 07:55:36');

-- Dumping structure for table room_management.meter_readings
CREATE TABLE IF NOT EXISTS `meter_readings` (
  `id` int(11) NOT NULL AUTO_INCREMENT,
  `room_id` int(11) NOT NULL,
  `reading_month` int(11) NOT NULL,
  `reading_year` int(11) NOT NULL,
  `water_previous` decimal(10,2) DEFAULT 0.00,
  `water_current` decimal(10,2) DEFAULT 0.00,
  `water_units` decimal(10,2) GENERATED ALWAYS AS (`water_current` - `water_previous`) STORED,
  `electric_previous` decimal(10,2) DEFAULT 0.00,
  `electric_current` decimal(10,2) DEFAULT 0.00,
  `electric_units` decimal(10,2) GENERATED ALWAYS AS (`electric_current` - `electric_previous`) STORED,
  `reading_date` date DEFAULT NULL,
  `created_at` timestamp NULL DEFAULT current_timestamp(),
  `updated_at` timestamp NULL DEFAULT current_timestamp() ON UPDATE current_timestamp(),
  PRIMARY KEY (`id`),
  UNIQUE KEY `unique_reading` (`room_id`,`reading_month`,`reading_year`),
  CONSTRAINT `1` FOREIGN KEY (`room_id`) REFERENCES `rooms` (`id`) ON DELETE CASCADE
) ENGINE=InnoDB AUTO_INCREMENT=331 DEFAULT CHARSET=utf8mb4 COLLATE=utf8mb4_unicode_ci;

-- Dumping data for table room_management.meter_readings: ~320 rows (approximately)
INSERT INTO `meter_readings` (`id`, `room_id`, `reading_month`, `reading_year`, `water_previous`, `water_current`, `electric_previous`, `electric_current`, `reading_date`, `created_at`, `updated_at`) VALUES
	(11, 12, 12, 2025, 100.00, 120.00, 100.00, 150.00, '2026-01-21', '2026-01-21 08:56:33', '2026-01-21 12:23:50'),
	(12, 13, 12, 2025, 100.00, 130.00, 100.00, 140.00, '2026-01-21', '2026-01-21 08:56:33', '2026-01-21 12:23:50'),
	(13, 14, 12, 2025, 0.00, 0.00, 0.00, 0.00, '2026-01-21', '2026-01-21 08:56:33', '2026-01-21 12:19:17'),
	(14, 15, 12, 2025, 0.00, 0.00, 0.00, 0.00, '2026-01-21', '2026-01-21 08:56:33', '2026-01-21 08:56:33'),
	(15, 16, 12, 2025, 0.00, 0.00, 0.00, 0.00, '2026-01-21', '2026-01-21 08:56:33', '2026-01-21 08:56:33'),
	(16, 17, 12, 2025, 0.00, 0.00, 0.00, 0.00, '2026-01-21', '2026-01-21 08:56:33', '2026-01-21 08:56:33'),
	(17, 18, 12, 2025, 0.00, 0.00, 0.00, 0.00, '2026-01-21', '2026-01-21 08:56:33', '2026-01-21 08:56:33'),
	(18, 19, 12, 2025, 0.00, 0.00, 0.00, 0.00, '2026-01-21', '2026-01-21 08:56:33', '2026-01-21 08:56:33'),
	(19, 20, 12, 2025, 0.00, 0.00, 0.00, 0.00, '2026-01-21', '2026-01-21 08:56:33', '2026-01-21 08:56:33'),
	(20, 21, 12, 2025, 0.00, 0.00, 0.00, 0.00, '2026-01-21', '2026-01-21 08:56:33', '2026-01-21 08:56:33'),
	(21, 22, 12, 2025, 0.00, 0.00, 0.00, 0.00, '2026-01-21', '2026-01-21 08:56:33', '2026-01-21 08:56:33'),
	(22, 23, 12, 2025, 0.00, 0.00, 0.00, 0.00, '2026-01-21', '2026-01-21 08:56:33', '2026-01-21 08:56:33'),
	(23, 24, 12, 2025, 0.00, 0.00, 0.00, 0.00, '2026-01-21', '2026-01-21 08:56:33', '2026-01-21 08:56:33'),
	(24, 25, 12, 2025, 0.00, 0.00, 0.00, 0.00, '2026-01-21', '2026-01-21 08:56:33', '2026-01-21 08:56:33'),
	(25, 26, 12, 2025, 0.00, 0.00, 0.00, 0.00, '2026-01-21', '2026-01-21 08:56:33', '2026-01-21 08:56:33'),
	(26, 27, 12, 2025, 0.00, 0.00, 0.00, 0.00, '2026-01-21', '2026-01-21 08:56:33', '2026-01-21 08:56:33'),
	(27, 28, 12, 2025, 0.00, 0.00, 0.00, 0.00, '2026-01-21', '2026-01-21 08:56:33', '2026-01-21 08:56:33'),
	(28, 29, 12, 2025, 0.00, 0.00, 0.00, 0.00, '2026-01-21', '2026-01-21 08:56:33', '2026-01-21 08:56:33'),
	(29, 30, 12, 2025, 0.00, 0.00, 0.00, 0.00, '2026-01-21', '2026-01-21 08:56:33', '2026-01-21 08:56:33'),
	(30, 31, 12, 2025, 0.00, 0.00, 0.00, 0.00, '2026-01-21', '2026-01-21 08:56:33', '2026-01-21 08:56:33'),
	(31, 32, 12, 2025, 0.00, 0.00, 0.00, 0.00, '2026-01-21', '2026-01-21 08:56:33', '2026-01-21 08:56:33'),
	(32, 33, 12, 2025, 0.00, 0.00, 0.00, 0.00, '2026-01-21', '2026-01-21 08:56:33', '2026-01-21 08:56:33'),
	(33, 34, 12, 2025, 0.00, 0.00, 0.00, 0.00, '2026-01-21', '2026-01-21 08:56:33', '2026-01-21 08:56:33'),
	(34, 35, 12, 2025, 0.00, 0.00, 0.00, 0.00, '2026-01-21', '2026-01-21 08:56:33', '2026-01-21 08:56:33'),
	(35, 36, 12, 2025, 0.00, 0.00, 0.00, 0.00, '2026-01-21', '2026-01-21 08:56:33', '2026-01-21 08:56:33'),
	(36, 37, 12, 2025, 0.00, 0.00, 0.00, 0.00, '2026-01-21', '2026-01-21 08:56:33', '2026-01-21 08:56:33'),
	(37, 38, 12, 2025, 0.00, 0.00, 0.00, 0.00, '2026-01-21', '2026-01-21 08:56:33', '2026-01-21 08:56:33'),
	(38, 39, 12, 2025, 0.00, 0.00, 0.00, 0.00, '2026-01-21', '2026-01-21 08:56:33', '2026-01-21 08:56:33'),
	(39, 40, 12, 2025, 0.00, 0.00, 0.00, 0.00, '2026-01-21', '2026-01-21 08:56:33', '2026-01-21 08:56:33'),
	(40, 41, 12, 2025, 0.00, 0.00, 0.00, 0.00, '2026-01-21', '2026-01-21 08:56:33', '2026-01-21 08:56:33'),
	(41, 42, 12, 2025, 0.00, 0.00, 0.00, 0.00, '2026-01-21', '2026-01-21 08:56:33', '2026-01-21 08:56:33'),
	(42, 43, 12, 2025, 0.00, 0.00, 0.00, 0.00, '2026-01-21', '2026-01-21 08:56:33', '2026-01-21 08:56:33'),
	(43, 44, 12, 2025, 0.00, 0.00, 0.00, 0.00, '2026-01-21', '2026-01-21 08:56:33', '2026-01-21 08:56:33'),
	(44, 45, 12, 2025, 0.00, 0.00, 0.00, 0.00, '2026-01-21', '2026-01-21 08:56:33', '2026-01-21 08:56:33'),
	(45, 46, 12, 2025, 0.00, 0.00, 0.00, 0.00, '2026-01-21', '2026-01-21 08:56:33', '2026-01-21 08:56:33'),
	(46, 47, 12, 2025, 0.00, 0.00, 0.00, 0.00, '2026-01-21', '2026-01-21 08:56:33', '2026-01-21 08:56:33'),
	(47, 48, 12, 2025, 0.00, 0.00, 0.00, 0.00, '2026-01-21', '2026-01-21 08:56:33', '2026-01-21 08:56:33'),
	(48, 49, 12, 2025, 0.00, 0.00, 0.00, 0.00, '2026-01-21', '2026-01-21 08:56:33', '2026-01-21 08:56:33'),
	(49, 50, 12, 2025, 0.00, 0.00, 0.00, 0.00, '2026-01-21', '2026-01-21 08:56:33', '2026-01-21 08:56:33'),
	(50, 51, 12, 2025, 0.00, 0.00, 0.00, 0.00, '2026-01-21', '2026-01-21 08:56:33', '2026-01-21 08:56:33'),
	(51, 52, 12, 2025, 0.00, 0.00, 0.00, 0.00, '2026-01-21', '2026-01-21 08:56:33', '2026-01-21 08:56:33'),
	(52, 53, 12, 2025, 0.00, 0.00, 0.00, 0.00, '2026-01-21', '2026-01-21 08:56:33', '2026-01-21 08:56:33'),
	(53, 54, 12, 2025, 0.00, 0.00, 0.00, 0.00, '2026-01-21', '2026-01-21 08:56:33', '2026-01-21 08:56:33'),
	(54, 55, 12, 2025, 0.00, 0.00, 0.00, 0.00, '2026-01-21', '2026-01-21 08:56:33', '2026-01-21 08:56:33'),
	(55, 56, 12, 2025, 0.00, 0.00, 0.00, 0.00, '2026-01-21', '2026-01-21 08:56:33', '2026-01-21 08:56:33'),
	(56, 57, 12, 2025, 0.00, 0.00, 0.00, 0.00, '2026-01-21', '2026-01-21 08:56:33', '2026-01-21 08:56:33'),
	(57, 58, 12, 2025, 0.00, 0.00, 0.00, 0.00, '2026-01-21', '2026-01-21 08:56:33', '2026-01-21 08:56:33'),
	(58, 59, 12, 2025, 0.00, 0.00, 0.00, 0.00, '2026-01-21', '2026-01-21 08:56:33', '2026-01-21 08:56:33'),
	(59, 62, 12, 2025, 0.00, 0.00, 0.00, 0.00, '2026-01-21', '2026-01-21 08:56:33', '2026-01-21 08:56:33'),
	(60, 63, 12, 2025, 0.00, 0.00, 0.00, 0.00, '2026-01-21', '2026-01-21 08:56:33', '2026-01-21 08:56:33'),
	(61, 64, 12, 2025, 0.00, 0.00, 0.00, 0.00, '2026-01-21', '2026-01-21 08:56:33', '2026-01-21 08:56:33'),
	(62, 65, 12, 2025, 0.00, 0.00, 0.00, 0.00, '2026-01-21', '2026-01-21 08:56:33', '2026-01-21 08:56:33'),
	(63, 66, 12, 2025, 0.00, 0.00, 0.00, 0.00, '2026-01-21', '2026-01-21 08:56:33', '2026-01-21 08:56:33'),
	(64, 67, 12, 2025, 0.00, 0.00, 0.00, 0.00, '2026-01-21', '2026-01-21 08:56:33', '2026-01-21 08:56:33'),
	(65, 68, 12, 2025, 0.00, 0.00, 0.00, 0.00, '2026-01-21', '2026-01-21 08:56:33', '2026-01-21 08:56:33'),
	(66, 69, 12, 2025, 0.00, 0.00, 0.00, 0.00, '2026-01-21', '2026-01-21 08:56:33', '2026-01-21 08:56:33'),
	(67, 70, 12, 2025, 0.00, 0.00, 0.00, 0.00, '2026-01-21', '2026-01-21 08:56:33', '2026-01-21 08:56:33'),
	(68, 71, 12, 2025, 0.00, 0.00, 0.00, 0.00, '2026-01-21', '2026-01-21 08:56:33', '2026-01-21 08:56:33'),
	(69, 72, 12, 2025, 0.00, 0.00, 0.00, 0.00, '2026-01-21', '2026-01-21 08:56:33', '2026-01-21 08:56:33'),
	(70, 73, 12, 2025, 0.00, 0.00, 0.00, 0.00, '2026-01-21', '2026-01-21 08:56:33', '2026-01-21 08:56:33'),
	(71, 74, 12, 2025, 0.00, 0.00, 0.00, 0.00, '2026-01-21', '2026-01-21 08:56:33', '2026-01-21 08:56:33'),
	(72, 75, 12, 2025, 0.00, 0.00, 0.00, 0.00, '2026-01-21', '2026-01-21 08:56:33', '2026-01-21 08:56:33'),
	(73, 76, 12, 2025, 0.00, 0.00, 0.00, 0.00, '2026-01-21', '2026-01-21 08:56:33', '2026-01-21 08:56:33'),
	(74, 77, 12, 2025, 0.00, 0.00, 0.00, 0.00, '2026-01-21', '2026-01-21 08:56:33', '2026-01-21 08:56:33'),
	(75, 78, 12, 2025, 0.00, 0.00, 0.00, 0.00, '2026-01-21', '2026-01-21 08:56:33', '2026-01-21 08:56:33'),
	(76, 79, 12, 2025, 0.00, 0.00, 0.00, 0.00, '2026-01-21', '2026-01-21 08:56:33', '2026-01-21 08:56:33'),
	(77, 80, 12, 2025, 0.00, 0.00, 0.00, 0.00, '2026-01-21', '2026-01-21 08:56:33', '2026-01-21 08:56:33'),
	(78, 81, 12, 2025, 0.00, 0.00, 0.00, 0.00, '2026-01-21', '2026-01-21 08:56:33', '2026-01-21 08:56:33'),
	(79, 82, 12, 2025, 0.00, 0.00, 0.00, 0.00, '2026-01-21', '2026-01-21 08:56:33', '2026-01-21 08:56:33'),
	(80, 83, 12, 2025, 0.00, 0.00, 0.00, 0.00, '2026-01-21', '2026-01-21 08:56:33', '2026-01-21 08:56:33'),
	(81, 84, 12, 2025, 0.00, 0.00, 0.00, 0.00, '2026-01-21', '2026-01-21 08:56:33', '2026-01-21 08:56:33'),
	(82, 85, 12, 2025, 0.00, 0.00, 0.00, 0.00, '2026-01-21', '2026-01-21 08:56:33', '2026-01-21 08:56:33'),
	(83, 86, 12, 2025, 0.00, 0.00, 0.00, 0.00, '2026-01-21', '2026-01-21 08:56:33', '2026-01-21 08:56:33'),
	(84, 87, 12, 2025, 0.00, 0.00, 0.00, 0.00, '2026-01-21', '2026-01-21 08:56:33', '2026-01-21 08:56:33'),
	(85, 88, 12, 2025, 0.00, 0.00, 0.00, 0.00, '2026-01-21', '2026-01-21 08:56:33', '2026-01-21 08:56:33'),
	(86, 89, 12, 2025, 0.00, 0.00, 0.00, 0.00, '2026-01-21', '2026-01-21 08:56:33', '2026-01-21 08:56:33'),
	(87, 90, 12, 2025, 0.00, 0.00, 0.00, 0.00, '2026-01-21', '2026-01-21 08:56:33', '2026-01-21 08:56:33'),
	(88, 91, 12, 2025, 0.00, 0.00, 0.00, 0.00, '2026-01-21', '2026-01-21 08:56:33', '2026-01-21 08:56:33'),
	(89, 92, 12, 2025, 0.00, 0.00, 0.00, 0.00, '2026-01-21', '2026-01-21 08:56:33', '2026-01-21 08:56:33'),
	(90, 93, 12, 2025, 0.00, 0.00, 0.00, 0.00, '2026-01-21', '2026-01-21 08:56:33', '2026-01-21 08:56:33'),
	(91, 12, 1, 2026, 120.00, 130.00, 150.00, 165.00, '2026-01-21', '2026-01-21 08:56:46', '2026-01-21 12:24:36'),
	(92, 13, 1, 2026, 130.00, 140.00, 140.00, 153.00, '2026-01-21', '2026-01-21 08:56:46', '2026-01-21 12:24:36'),
	(93, 14, 1, 2026, 0.00, 0.00, 0.00, 0.00, '2026-01-21', '2026-01-21 08:56:46', '2026-01-21 12:18:40'),
	(94, 15, 1, 2026, 0.00, 0.00, 0.00, 0.00, '2026-01-21', '2026-01-21 08:56:46', '2026-01-21 08:56:46'),
	(95, 16, 1, 2026, 0.00, 0.00, 0.00, 0.00, '2026-01-21', '2026-01-21 08:56:46', '2026-01-21 08:56:46'),
	(96, 17, 1, 2026, 0.00, 0.00, 0.00, 0.00, '2026-01-21', '2026-01-21 08:56:46', '2026-01-21 08:56:46'),
	(97, 18, 1, 2026, 0.00, 0.00, 0.00, 0.00, '2026-01-21', '2026-01-21 08:56:46', '2026-01-21 08:56:46'),
	(98, 19, 1, 2026, 0.00, 0.00, 0.00, 0.00, '2026-01-21', '2026-01-21 08:56:46', '2026-01-21 08:56:46'),
	(99, 20, 1, 2026, 0.00, 0.00, 0.00, 0.00, '2026-01-21', '2026-01-21 08:56:46', '2026-01-21 08:56:46'),
	(100, 21, 1, 2026, 0.00, 0.00, 0.00, 0.00, '2026-01-21', '2026-01-21 08:56:46', '2026-01-21 08:56:46'),
	(101, 22, 1, 2026, 0.00, 0.00, 0.00, 0.00, '2026-01-21', '2026-01-21 08:56:46', '2026-01-21 08:56:46'),
	(102, 23, 1, 2026, 0.00, 0.00, 0.00, 0.00, '2026-01-21', '2026-01-21 08:56:46', '2026-01-21 08:56:46'),
	(103, 24, 1, 2026, 0.00, 0.00, 0.00, 0.00, '2026-01-21', '2026-01-21 08:56:46', '2026-01-21 08:56:46'),
	(104, 25, 1, 2026, 0.00, 0.00, 0.00, 0.00, '2026-01-21', '2026-01-21 08:56:46', '2026-01-21 08:56:46'),
	(105, 26, 1, 2026, 0.00, 0.00, 0.00, 0.00, '2026-01-21', '2026-01-21 08:56:46', '2026-01-21 08:56:46'),
	(106, 27, 1, 2026, 0.00, 0.00, 0.00, 0.00, '2026-01-21', '2026-01-21 08:56:46', '2026-01-21 08:56:46'),
	(107, 28, 1, 2026, 0.00, 0.00, 0.00, 0.00, '2026-01-21', '2026-01-21 08:56:46', '2026-01-21 12:19:10'),
	(108, 29, 1, 2026, 0.00, 0.00, 0.00, 0.00, '2026-01-21', '2026-01-21 08:56:46', '2026-01-21 08:56:46'),
	(109, 30, 1, 2026, 0.00, 0.00, 0.00, 0.00, '2026-01-21', '2026-01-21 08:56:46', '2026-01-21 08:56:46'),
	(110, 31, 1, 2026, 0.00, 0.00, 0.00, 0.00, '2026-01-21', '2026-01-21 08:56:46', '2026-01-21 08:56:46'),
	(111, 32, 1, 2026, 0.00, 0.00, 0.00, 0.00, '2026-01-21', '2026-01-21 08:56:46', '2026-01-21 08:56:46'),
	(112, 33, 1, 2026, 0.00, 0.00, 0.00, 0.00, '2026-01-21', '2026-01-21 08:56:46', '2026-01-21 08:56:46'),
	(113, 34, 1, 2026, 0.00, 0.00, 0.00, 0.00, '2026-01-21', '2026-01-21 08:56:46', '2026-01-21 08:56:46'),
	(114, 35, 1, 2026, 0.00, 0.00, 0.00, 0.00, '2026-01-21', '2026-01-21 08:56:46', '2026-01-21 08:56:46'),
	(115, 36, 1, 2026, 0.00, 0.00, 0.00, 0.00, '2026-01-21', '2026-01-21 08:56:46', '2026-01-21 08:56:46'),
	(116, 37, 1, 2026, 0.00, 0.00, 0.00, 0.00, '2026-01-21', '2026-01-21 08:56:46', '2026-01-21 08:56:46'),
	(117, 38, 1, 2026, 0.00, 0.00, 0.00, 0.00, '2026-01-21', '2026-01-21 08:56:46', '2026-01-21 08:56:46'),
	(118, 39, 1, 2026, 0.00, 0.00, 0.00, 0.00, '2026-01-21', '2026-01-21 08:56:46', '2026-01-21 08:56:46'),
	(119, 40, 1, 2026, 0.00, 0.00, 0.00, 0.00, '2026-01-21', '2026-01-21 08:56:46', '2026-01-21 08:56:46'),
	(120, 41, 1, 2026, 0.00, 0.00, 0.00, 0.00, '2026-01-21', '2026-01-21 08:56:46', '2026-01-21 08:56:46'),
	(121, 42, 1, 2026, 0.00, 0.00, 0.00, 0.00, '2026-01-21', '2026-01-21 08:56:46', '2026-01-21 08:56:46'),
	(122, 43, 1, 2026, 0.00, 0.00, 0.00, 0.00, '2026-01-21', '2026-01-21 08:56:46', '2026-01-21 08:56:46'),
	(123, 44, 1, 2026, 0.00, 0.00, 0.00, 0.00, '2026-01-21', '2026-01-21 08:56:46', '2026-01-21 08:56:46'),
	(124, 45, 1, 2026, 0.00, 0.00, 0.00, 0.00, '2026-01-21', '2026-01-21 08:56:46', '2026-01-21 08:56:46'),
	(125, 46, 1, 2026, 0.00, 0.00, 0.00, 0.00, '2026-01-21', '2026-01-21 08:56:46', '2026-01-21 08:56:46'),
	(126, 47, 1, 2026, 0.00, 0.00, 0.00, 0.00, '2026-01-21', '2026-01-21 08:56:46', '2026-01-21 12:19:06'),
	(127, 48, 1, 2026, 0.00, 0.00, 0.00, 0.00, '2026-01-21', '2026-01-21 08:56:46', '2026-01-21 08:56:46'),
	(128, 49, 1, 2026, 0.00, 0.00, 0.00, 0.00, '2026-01-21', '2026-01-21 08:56:46', '2026-01-21 08:56:46'),
	(129, 50, 1, 2026, 0.00, 0.00, 0.00, 0.00, '2026-01-21', '2026-01-21 08:56:46', '2026-01-21 08:56:46'),
	(130, 51, 1, 2026, 0.00, 0.00, 0.00, 0.00, '2026-01-21', '2026-01-21 08:56:46', '2026-01-21 08:56:46'),
	(131, 52, 1, 2026, 0.00, 0.00, 0.00, 0.00, '2026-01-21', '2026-01-21 08:56:46', '2026-01-21 08:56:46'),
	(132, 53, 1, 2026, 0.00, 0.00, 0.00, 0.00, '2026-01-21', '2026-01-21 08:56:46', '2026-01-21 08:56:46'),
	(133, 54, 1, 2026, 0.00, 0.00, 0.00, 0.00, '2026-01-21', '2026-01-21 08:56:46', '2026-01-21 08:56:46'),
	(134, 55, 1, 2026, 0.00, 0.00, 0.00, 0.00, '2026-01-21', '2026-01-21 08:56:46', '2026-01-21 08:56:46'),
	(135, 56, 1, 2026, 0.00, 0.00, 0.00, 0.00, '2026-01-21', '2026-01-21 08:56:46', '2026-01-21 08:56:46'),
	(136, 57, 1, 2026, 0.00, 0.00, 0.00, 0.00, '2026-01-21', '2026-01-21 08:56:46', '2026-01-21 08:56:46'),
	(137, 58, 1, 2026, 0.00, 0.00, 0.00, 0.00, '2026-01-21', '2026-01-21 08:56:46', '2026-01-21 08:56:46'),
	(138, 59, 1, 2026, 0.00, 0.00, 0.00, 0.00, '2026-01-21', '2026-01-21 08:56:46', '2026-01-21 08:56:46'),
	(139, 62, 1, 2026, 0.00, 0.00, 0.00, 0.00, '2026-01-21', '2026-01-21 08:56:46', '2026-01-21 08:56:46'),
	(140, 63, 1, 2026, 0.00, 0.00, 0.00, 0.00, '2026-01-21', '2026-01-21 08:56:46', '2026-01-21 08:56:46'),
	(141, 64, 1, 2026, 0.00, 0.00, 0.00, 0.00, '2026-01-21', '2026-01-21 08:56:46', '2026-01-21 08:56:46'),
	(142, 65, 1, 2026, 0.00, 0.00, 0.00, 0.00, '2026-01-21', '2026-01-21 08:56:46', '2026-01-21 08:56:46'),
	(143, 66, 1, 2026, 0.00, 0.00, 0.00, 0.00, '2026-01-21', '2026-01-21 08:56:46', '2026-01-21 08:56:46'),
	(144, 67, 1, 2026, 0.00, 0.00, 0.00, 0.00, '2026-01-21', '2026-01-21 08:56:46', '2026-01-21 08:56:46'),
	(145, 68, 1, 2026, 0.00, 0.00, 0.00, 0.00, '2026-01-21', '2026-01-21 08:56:46', '2026-01-21 08:56:46'),
	(146, 69, 1, 2026, 0.00, 0.00, 0.00, 0.00, '2026-01-21', '2026-01-21 08:56:46', '2026-01-21 08:56:46'),
	(147, 70, 1, 2026, 0.00, 0.00, 0.00, 0.00, '2026-01-21', '2026-01-21 08:56:46', '2026-01-21 08:56:46'),
	(148, 71, 1, 2026, 0.00, 0.00, 0.00, 0.00, '2026-01-21', '2026-01-21 08:56:46', '2026-01-21 08:56:46'),
	(149, 72, 1, 2026, 0.00, 0.00, 0.00, 0.00, '2026-01-21', '2026-01-21 08:56:46', '2026-01-21 08:56:46'),
	(150, 73, 1, 2026, 0.00, 0.00, 0.00, 0.00, '2026-01-21', '2026-01-21 08:56:46', '2026-01-21 08:56:46'),
	(151, 74, 1, 2026, 0.00, 0.00, 0.00, 0.00, '2026-01-21', '2026-01-21 08:56:46', '2026-01-21 08:56:46'),
	(152, 75, 1, 2026, 0.00, 0.00, 0.00, 0.00, '2026-01-21', '2026-01-21 08:56:46', '2026-01-21 08:56:46'),
	(153, 76, 1, 2026, 0.00, 0.00, 0.00, 0.00, '2026-01-21', '2026-01-21 08:56:46', '2026-01-21 08:56:46'),
	(154, 77, 1, 2026, 0.00, 0.00, 0.00, 0.00, '2026-01-21', '2026-01-21 08:56:46', '2026-01-21 08:56:46'),
	(155, 78, 1, 2026, 0.00, 0.00, 0.00, 0.00, '2026-01-21', '2026-01-21 08:56:46', '2026-01-21 08:56:46'),
	(156, 79, 1, 2026, 0.00, 0.00, 0.00, 0.00, '2026-01-21', '2026-01-21 08:56:46', '2026-01-21 08:56:46'),
	(157, 80, 1, 2026, 0.00, 0.00, 0.00, 0.00, '2026-01-21', '2026-01-21 08:56:46', '2026-01-21 08:56:46'),
	(158, 81, 1, 2026, 0.00, 0.00, 0.00, 0.00, '2026-01-21', '2026-01-21 08:56:46', '2026-01-21 08:56:46'),
	(159, 82, 1, 2026, 0.00, 0.00, 0.00, 0.00, '2026-01-21', '2026-01-21 08:56:46', '2026-01-21 08:56:46'),
	(160, 83, 1, 2026, 0.00, 0.00, 0.00, 0.00, '2026-01-21', '2026-01-21 08:56:46', '2026-01-21 08:56:46'),
	(161, 84, 1, 2026, 0.00, 0.00, 0.00, 0.00, '2026-01-21', '2026-01-21 08:56:46', '2026-01-21 08:56:46'),
	(162, 85, 1, 2026, 0.00, 0.00, 0.00, 0.00, '2026-01-21', '2026-01-21 08:56:46', '2026-01-21 08:56:46'),
	(163, 86, 1, 2026, 0.00, 0.00, 0.00, 0.00, '2026-01-21', '2026-01-21 08:56:46', '2026-01-21 08:56:46'),
	(164, 87, 1, 2026, 0.00, 0.00, 0.00, 0.00, '2026-01-21', '2026-01-21 08:56:46', '2026-01-21 08:56:46'),
	(165, 88, 1, 2026, 0.00, 0.00, 0.00, 0.00, '2026-01-21', '2026-01-21 08:56:46', '2026-01-21 08:56:46'),
	(166, 89, 1, 2026, 0.00, 0.00, 0.00, 0.00, '2026-01-21', '2026-01-21 08:56:46', '2026-01-21 08:56:46'),
	(167, 90, 1, 2026, 0.00, 0.00, 0.00, 0.00, '2026-01-21', '2026-01-21 08:56:46', '2026-01-21 08:56:46'),
	(168, 91, 1, 2026, 0.00, 0.00, 0.00, 0.00, '2026-01-21', '2026-01-21 08:56:46', '2026-01-21 08:56:46'),
	(169, 92, 1, 2026, 0.00, 0.00, 0.00, 0.00, '2026-01-21', '2026-01-21 08:56:46', '2026-01-21 08:56:46'),
	(170, 93, 1, 2026, 0.00, 0.00, 0.00, 0.00, '2026-01-21', '2026-01-21 08:56:46', '2026-01-21 08:56:46'),
	(171, 12, 2, 2026, 0.00, 0.00, 0.00, 0.00, '2026-01-21', '2026-01-21 09:30:58', '2026-01-21 12:19:32'),
	(172, 13, 2, 2026, 0.00, 0.00, 0.00, 0.00, '2026-01-21', '2026-01-21 09:30:58', '2026-01-21 12:19:33'),
	(173, 14, 2, 2026, 0.00, 0.00, 0.00, 0.00, '2026-01-21', '2026-01-21 09:30:58', '2026-01-21 09:30:58'),
	(174, 15, 2, 2026, 0.00, 0.00, 0.00, 0.00, '2026-01-21', '2026-01-21 09:30:58', '2026-01-21 09:30:58'),
	(175, 16, 2, 2026, 0.00, 0.00, 0.00, 0.00, '2026-01-21', '2026-01-21 09:30:58', '2026-01-21 09:30:58'),
	(176, 17, 2, 2026, 0.00, 0.00, 0.00, 0.00, '2026-01-21', '2026-01-21 09:30:58', '2026-01-21 09:30:58'),
	(177, 18, 2, 2026, 0.00, 0.00, 0.00, 0.00, '2026-01-21', '2026-01-21 09:30:58', '2026-01-21 09:30:58'),
	(178, 19, 2, 2026, 0.00, 0.00, 0.00, 0.00, '2026-01-21', '2026-01-21 09:30:58', '2026-01-21 09:30:58'),
	(179, 20, 2, 2026, 0.00, 0.00, 0.00, 0.00, '2026-01-21', '2026-01-21 09:30:58', '2026-01-21 09:30:58'),
	(180, 21, 2, 2026, 0.00, 0.00, 0.00, 0.00, '2026-01-21', '2026-01-21 09:30:58', '2026-01-21 09:30:58'),
	(181, 22, 2, 2026, 0.00, 0.00, 0.00, 0.00, '2026-01-21', '2026-01-21 09:30:58', '2026-01-21 09:30:58'),
	(182, 23, 2, 2026, 0.00, 0.00, 0.00, 0.00, '2026-01-21', '2026-01-21 09:30:58', '2026-01-21 09:30:58'),
	(183, 24, 2, 2026, 0.00, 0.00, 0.00, 0.00, '2026-01-21', '2026-01-21 09:30:58', '2026-01-21 09:30:58'),
	(184, 25, 2, 2026, 0.00, 0.00, 0.00, 0.00, '2026-01-21', '2026-01-21 09:30:58', '2026-01-21 09:30:58'),
	(185, 26, 2, 2026, 0.00, 0.00, 0.00, 0.00, '2026-01-21', '2026-01-21 09:30:58', '2026-01-21 09:30:58'),
	(186, 27, 2, 2026, 0.00, 0.00, 0.00, 0.00, '2026-01-21', '2026-01-21 09:30:58', '2026-01-21 09:30:58'),
	(187, 28, 2, 2026, 0.00, 0.00, 0.00, 0.00, '2026-01-21', '2026-01-21 09:30:58', '2026-01-21 09:30:58'),
	(188, 29, 2, 2026, 0.00, 0.00, 0.00, 0.00, '2026-01-21', '2026-01-21 09:30:58', '2026-01-21 09:30:58'),
	(189, 30, 2, 2026, 0.00, 0.00, 0.00, 0.00, '2026-01-21', '2026-01-21 09:30:58', '2026-01-21 09:30:58'),
	(190, 31, 2, 2026, 0.00, 0.00, 0.00, 0.00, '2026-01-21', '2026-01-21 09:30:58', '2026-01-21 09:30:58'),
	(191, 32, 2, 2026, 0.00, 0.00, 0.00, 0.00, '2026-01-21', '2026-01-21 09:30:58', '2026-01-21 09:30:58'),
	(192, 33, 2, 2026, 0.00, 0.00, 0.00, 0.00, '2026-01-21', '2026-01-21 09:30:58', '2026-01-21 09:30:58'),
	(193, 34, 2, 2026, 0.00, 0.00, 0.00, 0.00, '2026-01-21', '2026-01-21 09:30:58', '2026-01-21 09:30:58'),
	(194, 35, 2, 2026, 0.00, 0.00, 0.00, 0.00, '2026-01-21', '2026-01-21 09:30:58', '2026-01-21 09:30:58'),
	(195, 36, 2, 2026, 0.00, 0.00, 0.00, 0.00, '2026-01-21', '2026-01-21 09:30:58', '2026-01-21 09:30:58'),
	(196, 37, 2, 2026, 0.00, 0.00, 0.00, 0.00, '2026-01-21', '2026-01-21 09:30:58', '2026-01-21 09:30:58'),
	(197, 38, 2, 2026, 0.00, 0.00, 0.00, 0.00, '2026-01-21', '2026-01-21 09:30:58', '2026-01-21 09:30:58'),
	(198, 39, 2, 2026, 0.00, 0.00, 0.00, 0.00, '2026-01-21', '2026-01-21 09:30:58', '2026-01-21 09:30:58'),
	(199, 40, 2, 2026, 0.00, 0.00, 0.00, 0.00, '2026-01-21', '2026-01-21 09:30:58', '2026-01-21 09:30:58'),
	(200, 41, 2, 2026, 0.00, 0.00, 0.00, 0.00, '2026-01-21', '2026-01-21 09:30:58', '2026-01-21 09:30:58'),
	(201, 42, 2, 2026, 0.00, 0.00, 0.00, 0.00, '2026-01-21', '2026-01-21 09:30:58', '2026-01-21 09:30:58'),
	(202, 43, 2, 2026, 0.00, 0.00, 0.00, 0.00, '2026-01-21', '2026-01-21 09:30:58', '2026-01-21 09:30:58'),
	(203, 44, 2, 2026, 0.00, 0.00, 0.00, 0.00, '2026-01-21', '2026-01-21 09:30:58', '2026-01-21 09:30:58'),
	(204, 45, 2, 2026, 0.00, 0.00, 0.00, 0.00, '2026-01-21', '2026-01-21 09:30:58', '2026-01-21 09:30:58'),
	(205, 46, 2, 2026, 0.00, 0.00, 0.00, 0.00, '2026-01-21', '2026-01-21 09:30:58', '2026-01-21 09:30:58'),
	(206, 47, 2, 2026, 0.00, 0.00, 0.00, 0.00, '2026-01-21', '2026-01-21 09:30:58', '2026-01-21 09:30:58'),
	(207, 48, 2, 2026, 0.00, 0.00, 0.00, 0.00, '2026-01-21', '2026-01-21 09:30:58', '2026-01-21 09:30:58'),
	(208, 49, 2, 2026, 0.00, 0.00, 0.00, 0.00, '2026-01-21', '2026-01-21 09:30:58', '2026-01-21 09:30:58'),
	(209, 50, 2, 2026, 0.00, 0.00, 0.00, 0.00, '2026-01-21', '2026-01-21 09:30:58', '2026-01-21 09:30:58'),
	(210, 51, 2, 2026, 0.00, 0.00, 0.00, 0.00, '2026-01-21', '2026-01-21 09:30:58', '2026-01-21 09:30:58'),
	(211, 52, 2, 2026, 0.00, 0.00, 0.00, 0.00, '2026-01-21', '2026-01-21 09:30:58', '2026-01-21 09:30:58'),
	(212, 53, 2, 2026, 0.00, 0.00, 0.00, 0.00, '2026-01-21', '2026-01-21 09:30:58', '2026-01-21 09:30:58'),
	(213, 54, 2, 2026, 0.00, 0.00, 0.00, 0.00, '2026-01-21', '2026-01-21 09:30:58', '2026-01-21 09:30:58'),
	(214, 55, 2, 2026, 0.00, 0.00, 0.00, 0.00, '2026-01-21', '2026-01-21 09:30:58', '2026-01-21 09:30:58'),
	(215, 56, 2, 2026, 0.00, 0.00, 0.00, 0.00, '2026-01-21', '2026-01-21 09:30:58', '2026-01-21 09:30:58'),
	(216, 57, 2, 2026, 0.00, 0.00, 0.00, 0.00, '2026-01-21', '2026-01-21 09:30:58', '2026-01-21 09:30:58'),
	(217, 58, 2, 2026, 0.00, 0.00, 0.00, 0.00, '2026-01-21', '2026-01-21 09:30:58', '2026-01-21 09:30:58'),
	(218, 59, 2, 2026, 0.00, 0.00, 0.00, 0.00, '2026-01-21', '2026-01-21 09:30:58', '2026-01-21 09:30:58'),
	(219, 62, 2, 2026, 0.00, 0.00, 0.00, 0.00, '2026-01-21', '2026-01-21 09:30:58', '2026-01-21 09:30:58'),
	(220, 63, 2, 2026, 0.00, 0.00, 0.00, 0.00, '2026-01-21', '2026-01-21 09:30:58', '2026-01-21 09:30:58'),
	(221, 64, 2, 2026, 0.00, 0.00, 0.00, 0.00, '2026-01-21', '2026-01-21 09:30:58', '2026-01-21 09:30:58'),
	(222, 65, 2, 2026, 0.00, 0.00, 0.00, 0.00, '2026-01-21', '2026-01-21 09:30:58', '2026-01-21 09:30:58'),
	(223, 66, 2, 2026, 0.00, 0.00, 0.00, 0.00, '2026-01-21', '2026-01-21 09:30:58', '2026-01-21 09:30:58'),
	(224, 67, 2, 2026, 0.00, 0.00, 0.00, 0.00, '2026-01-21', '2026-01-21 09:30:58', '2026-01-21 09:30:58'),
	(225, 68, 2, 2026, 0.00, 0.00, 0.00, 0.00, '2026-01-21', '2026-01-21 09:30:58', '2026-01-21 09:30:58'),
	(226, 69, 2, 2026, 0.00, 0.00, 0.00, 0.00, '2026-01-21', '2026-01-21 09:30:58', '2026-01-21 09:30:58'),
	(227, 70, 2, 2026, 0.00, 0.00, 0.00, 0.00, '2026-01-21', '2026-01-21 09:30:58', '2026-01-21 09:30:58'),
	(228, 71, 2, 2026, 0.00, 0.00, 0.00, 0.00, '2026-01-21', '2026-01-21 09:30:58', '2026-01-21 09:30:58'),
	(229, 72, 2, 2026, 0.00, 0.00, 0.00, 0.00, '2026-01-21', '2026-01-21 09:30:58', '2026-01-21 09:30:58'),
	(230, 73, 2, 2026, 0.00, 0.00, 0.00, 0.00, '2026-01-21', '2026-01-21 09:30:58', '2026-01-21 09:30:58'),
	(231, 74, 2, 2026, 0.00, 0.00, 0.00, 0.00, '2026-01-21', '2026-01-21 09:30:58', '2026-01-21 09:30:58'),
	(232, 75, 2, 2026, 0.00, 0.00, 0.00, 0.00, '2026-01-21', '2026-01-21 09:30:58', '2026-01-21 09:30:58'),
	(233, 76, 2, 2026, 0.00, 0.00, 0.00, 0.00, '2026-01-21', '2026-01-21 09:30:58', '2026-01-21 09:30:58'),
	(234, 77, 2, 2026, 0.00, 0.00, 0.00, 0.00, '2026-01-21', '2026-01-21 09:30:58', '2026-01-21 09:30:58'),
	(235, 78, 2, 2026, 0.00, 0.00, 0.00, 0.00, '2026-01-21', '2026-01-21 09:30:58', '2026-01-21 09:30:58'),
	(236, 79, 2, 2026, 0.00, 0.00, 0.00, 0.00, '2026-01-21', '2026-01-21 09:30:58', '2026-01-21 09:30:58'),
	(237, 80, 2, 2026, 0.00, 0.00, 0.00, 0.00, '2026-01-21', '2026-01-21 09:30:58', '2026-01-21 09:30:58'),
	(238, 81, 2, 2026, 0.00, 0.00, 0.00, 0.00, '2026-01-21', '2026-01-21 09:30:58', '2026-01-21 09:30:58'),
	(239, 82, 2, 2026, 0.00, 0.00, 0.00, 0.00, '2026-01-21', '2026-01-21 09:30:58', '2026-01-21 09:30:58'),
	(240, 83, 2, 2026, 0.00, 0.00, 0.00, 0.00, '2026-01-21', '2026-01-21 09:30:58', '2026-01-21 09:30:58'),
	(241, 84, 2, 2026, 0.00, 0.00, 0.00, 0.00, '2026-01-21', '2026-01-21 09:30:58', '2026-01-21 09:30:58'),
	(242, 85, 2, 2026, 0.00, 0.00, 0.00, 0.00, '2026-01-21', '2026-01-21 09:30:58', '2026-01-21 09:30:58'),
	(243, 86, 2, 2026, 0.00, 0.00, 0.00, 0.00, '2026-01-21', '2026-01-21 09:30:58', '2026-01-21 09:30:58'),
	(244, 87, 2, 2026, 0.00, 0.00, 0.00, 0.00, '2026-01-21', '2026-01-21 09:30:58', '2026-01-21 09:30:58'),
	(245, 88, 2, 2026, 0.00, 0.00, 0.00, 0.00, '2026-01-21', '2026-01-21 09:30:58', '2026-01-21 09:30:58'),
	(246, 89, 2, 2026, 0.00, 0.00, 0.00, 0.00, '2026-01-21', '2026-01-21 09:30:58', '2026-01-21 09:30:58'),
	(247, 90, 2, 2026, 0.00, 0.00, 0.00, 0.00, '2026-01-21', '2026-01-21 09:30:58', '2026-01-21 09:30:58'),
	(248, 91, 2, 2026, 0.00, 0.00, 0.00, 0.00, '2026-01-21', '2026-01-21 09:30:58', '2026-01-21 09:30:58'),
	(249, 92, 2, 2026, 0.00, 0.00, 0.00, 0.00, '2026-01-21', '2026-01-21 09:30:58', '2026-01-21 09:30:58'),
	(250, 93, 2, 2026, 0.00, 0.00, 0.00, 0.00, '2026-01-21', '2026-01-21 09:30:58', '2026-01-21 09:30:58'),
	(251, 12, 11, 2025, 0.00, 100.00, 0.00, 100.00, '2026-01-21', '2026-01-21 12:23:23', '2026-01-21 12:23:23'),
	(252, 13, 11, 2025, 0.00, 100.00, 0.00, 100.00, '2026-01-21', '2026-01-21 12:23:23', '2026-01-21 12:23:23'),
	(253, 14, 11, 2025, 0.00, 0.00, 0.00, 0.00, '2026-01-21', '2026-01-21 12:23:23', '2026-01-21 12:23:23'),
	(254, 15, 11, 2025, 0.00, 0.00, 0.00, 0.00, '2026-01-21', '2026-01-21 12:23:23', '2026-01-21 12:23:23'),
	(255, 16, 11, 2025, 0.00, 0.00, 0.00, 0.00, '2026-01-21', '2026-01-21 12:23:23', '2026-01-21 12:23:23'),
	(256, 17, 11, 2025, 0.00, 0.00, 0.00, 0.00, '2026-01-21', '2026-01-21 12:23:23', '2026-01-21 12:23:23'),
	(257, 18, 11, 2025, 0.00, 0.00, 0.00, 0.00, '2026-01-21', '2026-01-21 12:23:23', '2026-01-21 12:23:23'),
	(258, 19, 11, 2025, 0.00, 0.00, 0.00, 0.00, '2026-01-21', '2026-01-21 12:23:23', '2026-01-21 12:23:23'),
	(259, 20, 11, 2025, 0.00, 0.00, 0.00, 0.00, '2026-01-21', '2026-01-21 12:23:23', '2026-01-21 12:23:23'),
	(260, 21, 11, 2025, 0.00, 0.00, 0.00, 0.00, '2026-01-21', '2026-01-21 12:23:23', '2026-01-21 12:23:23'),
	(261, 22, 11, 2025, 0.00, 0.00, 0.00, 0.00, '2026-01-21', '2026-01-21 12:23:23', '2026-01-21 12:23:23'),
	(262, 23, 11, 2025, 0.00, 0.00, 0.00, 0.00, '2026-01-21', '2026-01-21 12:23:23', '2026-01-21 12:23:23'),
	(263, 24, 11, 2025, 0.00, 0.00, 0.00, 0.00, '2026-01-21', '2026-01-21 12:23:23', '2026-01-21 12:23:23'),
	(264, 25, 11, 2025, 0.00, 0.00, 0.00, 0.00, '2026-01-21', '2026-01-21 12:23:23', '2026-01-21 12:23:23'),
	(265, 26, 11, 2025, 0.00, 0.00, 0.00, 0.00, '2026-01-21', '2026-01-21 12:23:23', '2026-01-21 12:23:23'),
	(266, 27, 11, 2025, 0.00, 0.00, 0.00, 0.00, '2026-01-21', '2026-01-21 12:23:23', '2026-01-21 12:23:23'),
	(267, 28, 11, 2025, 0.00, 0.00, 0.00, 0.00, '2026-01-21', '2026-01-21 12:23:23', '2026-01-21 12:23:23'),
	(268, 29, 11, 2025, 0.00, 0.00, 0.00, 0.00, '2026-01-21', '2026-01-21 12:23:23', '2026-01-21 12:23:23'),
	(269, 30, 11, 2025, 0.00, 0.00, 0.00, 0.00, '2026-01-21', '2026-01-21 12:23:23', '2026-01-21 12:23:23'),
	(270, 31, 11, 2025, 0.00, 0.00, 0.00, 0.00, '2026-01-21', '2026-01-21 12:23:23', '2026-01-21 12:23:23'),
	(271, 32, 11, 2025, 0.00, 0.00, 0.00, 0.00, '2026-01-21', '2026-01-21 12:23:23', '2026-01-21 12:23:23'),
	(272, 33, 11, 2025, 0.00, 0.00, 0.00, 0.00, '2026-01-21', '2026-01-21 12:23:23', '2026-01-21 12:23:23'),
	(273, 34, 11, 2025, 0.00, 0.00, 0.00, 0.00, '2026-01-21', '2026-01-21 12:23:23', '2026-01-21 12:23:23'),
	(274, 35, 11, 2025, 0.00, 0.00, 0.00, 0.00, '2026-01-21', '2026-01-21 12:23:23', '2026-01-21 12:23:23'),
	(275, 36, 11, 2025, 0.00, 0.00, 0.00, 0.00, '2026-01-21', '2026-01-21 12:23:23', '2026-01-21 12:23:23'),
	(276, 37, 11, 2025, 0.00, 0.00, 0.00, 0.00, '2026-01-21', '2026-01-21 12:23:23', '2026-01-21 12:23:23'),
	(277, 38, 11, 2025, 0.00, 0.00, 0.00, 0.00, '2026-01-21', '2026-01-21 12:23:23', '2026-01-21 12:23:23'),
	(278, 39, 11, 2025, 0.00, 0.00, 0.00, 0.00, '2026-01-21', '2026-01-21 12:23:23', '2026-01-21 12:23:23'),
	(279, 40, 11, 2025, 0.00, 0.00, 0.00, 0.00, '2026-01-21', '2026-01-21 12:23:23', '2026-01-21 12:23:23'),
	(280, 41, 11, 2025, 0.00, 0.00, 0.00, 0.00, '2026-01-21', '2026-01-21 12:23:23', '2026-01-21 12:23:23'),
	(281, 42, 11, 2025, 0.00, 0.00, 0.00, 0.00, '2026-01-21', '2026-01-21 12:23:23', '2026-01-21 12:23:23'),
	(282, 43, 11, 2025, 0.00, 0.00, 0.00, 0.00, '2026-01-21', '2026-01-21 12:23:23', '2026-01-21 12:23:23'),
	(283, 44, 11, 2025, 0.00, 0.00, 0.00, 0.00, '2026-01-21', '2026-01-21 12:23:23', '2026-01-21 12:23:23'),
	(284, 45, 11, 2025, 0.00, 0.00, 0.00, 0.00, '2026-01-21', '2026-01-21 12:23:23', '2026-01-21 12:23:23'),
	(285, 46, 11, 2025, 0.00, 0.00, 0.00, 0.00, '2026-01-21', '2026-01-21 12:23:23', '2026-01-21 12:23:23'),
	(286, 47, 11, 2025, 0.00, 0.00, 0.00, 0.00, '2026-01-21', '2026-01-21 12:23:23', '2026-01-21 12:23:23'),
	(287, 48, 11, 2025, 0.00, 0.00, 0.00, 0.00, '2026-01-21', '2026-01-21 12:23:23', '2026-01-21 12:23:23'),
	(288, 49, 11, 2025, 0.00, 0.00, 0.00, 0.00, '2026-01-21', '2026-01-21 12:23:23', '2026-01-21 12:23:23'),
	(289, 50, 11, 2025, 0.00, 0.00, 0.00, 0.00, '2026-01-21', '2026-01-21 12:23:23', '2026-01-21 12:23:23'),
	(290, 51, 11, 2025, 0.00, 0.00, 0.00, 0.00, '2026-01-21', '2026-01-21 12:23:23', '2026-01-21 12:23:23'),
	(291, 52, 11, 2025, 0.00, 0.00, 0.00, 0.00, '2026-01-21', '2026-01-21 12:23:23', '2026-01-21 12:23:23'),
	(292, 53, 11, 2025, 0.00, 0.00, 0.00, 0.00, '2026-01-21', '2026-01-21 12:23:23', '2026-01-21 12:23:23'),
	(293, 54, 11, 2025, 0.00, 0.00, 0.00, 0.00, '2026-01-21', '2026-01-21 12:23:23', '2026-01-21 12:23:23'),
	(294, 55, 11, 2025, 0.00, 0.00, 0.00, 0.00, '2026-01-21', '2026-01-21 12:23:23', '2026-01-21 12:23:23'),
	(295, 56, 11, 2025, 0.00, 0.00, 0.00, 0.00, '2026-01-21', '2026-01-21 12:23:23', '2026-01-21 12:23:23'),
	(296, 57, 11, 2025, 0.00, 0.00, 0.00, 0.00, '2026-01-21', '2026-01-21 12:23:23', '2026-01-21 12:23:23'),
	(297, 58, 11, 2025, 0.00, 0.00, 0.00, 0.00, '2026-01-21', '2026-01-21 12:23:23', '2026-01-21 12:23:23'),
	(298, 59, 11, 2025, 0.00, 0.00, 0.00, 0.00, '2026-01-21', '2026-01-21 12:23:23', '2026-01-21 12:23:23'),
	(299, 62, 11, 2025, 0.00, 0.00, 0.00, 0.00, '2026-01-21', '2026-01-21 12:23:23', '2026-01-21 12:23:23'),
	(300, 63, 11, 2025, 0.00, 0.00, 0.00, 0.00, '2026-01-21', '2026-01-21 12:23:23', '2026-01-21 12:23:23'),
	(301, 64, 11, 2025, 0.00, 0.00, 0.00, 0.00, '2026-01-21', '2026-01-21 12:23:23', '2026-01-21 12:23:23'),
	(302, 65, 11, 2025, 0.00, 0.00, 0.00, 0.00, '2026-01-21', '2026-01-21 12:23:23', '2026-01-21 12:23:23'),
	(303, 66, 11, 2025, 0.00, 0.00, 0.00, 0.00, '2026-01-21', '2026-01-21 12:23:23', '2026-01-21 12:23:23'),
	(304, 67, 11, 2025, 0.00, 0.00, 0.00, 0.00, '2026-01-21', '2026-01-21 12:23:23', '2026-01-21 12:23:23'),
	(305, 68, 11, 2025, 0.00, 0.00, 0.00, 0.00, '2026-01-21', '2026-01-21 12:23:23', '2026-01-21 12:23:23'),
	(306, 69, 11, 2025, 0.00, 0.00, 0.00, 0.00, '2026-01-21', '2026-01-21 12:23:23', '2026-01-21 12:23:23'),
	(307, 70, 11, 2025, 0.00, 0.00, 0.00, 0.00, '2026-01-21', '2026-01-21 12:23:23', '2026-01-21 12:23:23'),
	(308, 71, 11, 2025, 0.00, 0.00, 0.00, 0.00, '2026-01-21', '2026-01-21 12:23:23', '2026-01-21 12:23:23'),
	(309, 72, 11, 2025, 0.00, 0.00, 0.00, 0.00, '2026-01-21', '2026-01-21 12:23:23', '2026-01-21 12:23:23'),
	(310, 73, 11, 2025, 0.00, 0.00, 0.00, 0.00, '2026-01-21', '2026-01-21 12:23:23', '2026-01-21 12:23:23'),
	(311, 74, 11, 2025, 0.00, 0.00, 0.00, 0.00, '2026-01-21', '2026-01-21 12:23:23', '2026-01-21 12:23:23'),
	(312, 75, 11, 2025, 0.00, 0.00, 0.00, 0.00, '2026-01-21', '2026-01-21 12:23:23', '2026-01-21 12:23:23'),
	(313, 76, 11, 2025, 0.00, 0.00, 0.00, 0.00, '2026-01-21', '2026-01-21 12:23:23', '2026-01-21 12:23:23'),
	(314, 77, 11, 2025, 0.00, 0.00, 0.00, 0.00, '2026-01-21', '2026-01-21 12:23:23', '2026-01-21 12:23:23'),
	(315, 78, 11, 2025, 0.00, 0.00, 0.00, 0.00, '2026-01-21', '2026-01-21 12:23:23', '2026-01-21 12:23:23'),
	(316, 79, 11, 2025, 0.00, 0.00, 0.00, 0.00, '2026-01-21', '2026-01-21 12:23:23', '2026-01-21 12:23:23'),
	(317, 80, 11, 2025, 0.00, 0.00, 0.00, 0.00, '2026-01-21', '2026-01-21 12:23:23', '2026-01-21 12:23:23'),
	(318, 81, 11, 2025, 0.00, 0.00, 0.00, 0.00, '2026-01-21', '2026-01-21 12:23:23', '2026-01-21 12:23:23'),
	(319, 82, 11, 2025, 0.00, 0.00, 0.00, 0.00, '2026-01-21', '2026-01-21 12:23:23', '2026-01-21 12:23:23'),
	(320, 83, 11, 2025, 0.00, 0.00, 0.00, 0.00, '2026-01-21', '2026-01-21 12:23:23', '2026-01-21 12:23:23'),
	(321, 84, 11, 2025, 0.00, 0.00, 0.00, 0.00, '2026-01-21', '2026-01-21 12:23:23', '2026-01-21 12:23:23'),
	(322, 85, 11, 2025, 0.00, 0.00, 0.00, 0.00, '2026-01-21', '2026-01-21 12:23:23', '2026-01-21 12:23:23'),
	(323, 86, 11, 2025, 0.00, 0.00, 0.00, 0.00, '2026-01-21', '2026-01-21 12:23:23', '2026-01-21 12:23:23'),
	(324, 87, 11, 2025, 0.00, 0.00, 0.00, 0.00, '2026-01-21', '2026-01-21 12:23:23', '2026-01-21 12:23:23'),
	(325, 88, 11, 2025, 0.00, 0.00, 0.00, 0.00, '2026-01-21', '2026-01-21 12:23:23', '2026-01-21 12:23:23'),
	(326, 89, 11, 2025, 0.00, 0.00, 0.00, 0.00, '2026-01-21', '2026-01-21 12:23:23', '2026-01-21 12:23:23'),
	(327, 90, 11, 2025, 0.00, 0.00, 0.00, 0.00, '2026-01-21', '2026-01-21 12:23:23', '2026-01-21 12:23:23'),
	(328, 91, 11, 2025, 0.00, 0.00, 0.00, 0.00, '2026-01-21', '2026-01-21 12:23:23', '2026-01-21 12:23:23'),
	(329, 92, 11, 2025, 0.00, 0.00, 0.00, 0.00, '2026-01-21', '2026-01-21 12:23:23', '2026-01-21 12:23:23'),
	(330, 93, 11, 2025, 0.00, 0.00, 0.00, 0.00, '2026-01-21', '2026-01-21 12:23:23', '2026-01-21 12:23:23');

-- Dumping structure for table room_management.rooms
CREATE TABLE IF NOT EXISTS `rooms` (
  `id` int(11) NOT NULL AUTO_INCREMENT,
  `floor_id` int(11) NOT NULL,
  `room_number` varchar(20) NOT NULL,
  `room_price` decimal(10,2) DEFAULT 0.00,
  `water_calculation_type` enum('unit','fixed') DEFAULT 'unit',
  `water_fixed_amount` decimal(10,2) DEFAULT 0.00,
  `electric_calculation_type` enum('unit','fixed') DEFAULT 'unit',
  `electric_fixed_amount` decimal(10,2) DEFAULT 0.00,
  `is_occupied` tinyint(1) DEFAULT 0,
  `created_at` timestamp NULL DEFAULT current_timestamp(),
  `updated_at` timestamp NULL DEFAULT current_timestamp() ON UPDATE current_timestamp(),
  PRIMARY KEY (`id`),
  UNIQUE KEY `unique_room` (`floor_id`,`room_number`),
  CONSTRAINT `1` FOREIGN KEY (`floor_id`) REFERENCES `floors` (`id`) ON DELETE CASCADE
) ENGINE=InnoDB AUTO_INCREMENT=94 DEFAULT CHARSET=utf8mb4 COLLATE=utf8mb4_unicode_ci;

-- Dumping data for table room_management.rooms: ~80 rows (approximately)
INSERT INTO `rooms` (`id`, `floor_id`, `room_number`, `room_price`, `water_calculation_type`, `water_fixed_amount`, `electric_calculation_type`, `electric_fixed_amount`, `is_occupied`, `created_at`, `updated_at`) VALUES
	(12, 1, '101', 1400.00, 'unit', 0.00, 'unit', 0.00, 1, '2026-01-21 07:48:39', '2026-01-21 12:22:30'),
	(13, 1, '102', 1400.00, 'unit', 0.00, 'unit', 0.00, 0, '2026-01-21 07:48:39', '2026-01-21 12:20:50'),
	(14, 1, '103', 1400.00, 'unit', 0.00, 'unit', 0.00, 0, '2026-01-21 07:48:39', '2026-01-21 12:20:52'),
	(15, 1, '104', 1400.00, 'unit', 0.00, 'unit', 0.00, 0, '2026-01-21 07:48:39', '2026-01-21 07:48:39'),
	(16, 1, '105', 1400.00, 'unit', 0.00, 'unit', 0.00, 0, '2026-01-21 07:48:39', '2026-01-21 07:48:39'),
	(17, 1, '106', 1400.00, 'unit', 0.00, 'unit', 0.00, 0, '2026-01-21 07:48:39', '2026-01-21 07:48:39'),
	(18, 1, '107', 1400.00, 'unit', 0.00, 'unit', 0.00, 0, '2026-01-21 07:48:39', '2026-01-21 07:48:39'),
	(19, 1, '108', 1400.00, 'unit', 0.00, 'unit', 0.00, 0, '2026-01-21 07:48:39', '2026-01-21 07:48:39'),
	(20, 1, '109', 1400.00, 'unit', 0.00, 'unit', 0.00, 0, '2026-01-21 07:48:39', '2026-01-21 07:48:39'),
	(21, 1, '110', 1400.00, 'unit', 0.00, 'unit', 0.00, 0, '2026-01-21 07:48:39', '2026-01-21 07:48:39'),
	(22, 1, '111', 1400.00, 'unit', 0.00, 'unit', 0.00, 0, '2026-01-21 07:48:39', '2026-01-21 07:48:39'),
	(23, 1, '112', 1400.00, 'unit', 0.00, 'unit', 0.00, 0, '2026-01-21 07:48:39', '2026-01-21 07:48:39'),
	(24, 1, '113', 1400.00, 'unit', 0.00, 'unit', 0.00, 0, '2026-01-21 07:48:39', '2026-01-21 07:48:39'),
	(25, 1, '114', 1400.00, 'unit', 0.00, 'unit', 0.00, 0, '2026-01-21 07:48:39', '2026-01-21 07:48:39'),
	(26, 1, '115', 1400.00, 'unit', 0.00, 'unit', 0.00, 0, '2026-01-21 07:48:39', '2026-01-21 07:48:39'),
	(27, 1, '116', 1400.00, 'unit', 0.00, 'unit', 0.00, 0, '2026-01-21 07:48:39', '2026-01-21 07:48:39'),
	(28, 2, '201', 1200.00, 'unit', 0.00, 'unit', 0.00, 0, '2026-01-21 07:48:39', '2026-01-21 12:20:56'),
	(29, 2, '202', 1200.00, 'unit', 0.00, 'unit', 0.00, 0, '2026-01-21 07:48:39', '2026-01-21 07:48:39'),
	(30, 2, '203', 1200.00, 'unit', 0.00, 'unit', 0.00, 0, '2026-01-21 07:48:39', '2026-01-21 07:48:39'),
	(31, 2, '204', 1200.00, 'unit', 0.00, 'unit', 0.00, 0, '2026-01-21 07:48:39', '2026-01-21 07:48:39'),
	(32, 2, '205', 1200.00, 'unit', 0.00, 'unit', 0.00, 0, '2026-01-21 07:48:39', '2026-01-21 07:48:39'),
	(33, 2, '206', 1200.00, 'unit', 0.00, 'unit', 0.00, 0, '2026-01-21 07:48:39', '2026-01-21 07:48:39'),
	(34, 2, '207', 1200.00, 'unit', 0.00, 'unit', 0.00, 0, '2026-01-21 07:48:39', '2026-01-21 07:48:39'),
	(35, 2, '208', 1200.00, 'unit', 0.00, 'unit', 0.00, 0, '2026-01-21 07:48:39', '2026-01-21 07:48:39'),
	(36, 2, '209', 1200.00, 'unit', 0.00, 'unit', 0.00, 0, '2026-01-21 07:48:39', '2026-01-21 07:48:39'),
	(37, 2, '210', 1200.00, 'unit', 0.00, 'unit', 0.00, 0, '2026-01-21 07:48:39', '2026-01-21 07:48:39'),
	(38, 2, '211', 1200.00, 'unit', 0.00, 'unit', 0.00, 0, '2026-01-21 07:48:39', '2026-01-21 07:48:39'),
	(39, 2, '212', 1200.00, 'unit', 0.00, 'unit', 0.00, 0, '2026-01-21 07:48:39', '2026-01-21 07:48:39'),
	(40, 2, '213', 1200.00, 'unit', 0.00, 'unit', 0.00, 0, '2026-01-21 07:48:39', '2026-01-21 07:48:39'),
	(41, 2, '214', 1200.00, 'unit', 0.00, 'unit', 0.00, 0, '2026-01-21 07:48:39', '2026-01-21 07:48:39'),
	(42, 2, '215', 1200.00, 'unit', 0.00, 'unit', 0.00, 0, '2026-01-21 07:48:39', '2026-01-21 07:48:39'),
	(43, 2, '216', 1200.00, 'unit', 0.00, 'unit', 0.00, 0, '2026-01-21 07:48:39', '2026-01-21 07:48:39'),
	(44, 3, '301', 1200.00, 'unit', 0.00, 'unit', 0.00, 0, '2026-01-21 07:48:39', '2026-01-21 07:48:39'),
	(45, 3, '302', 1200.00, 'unit', 0.00, 'unit', 0.00, 0, '2026-01-21 07:48:39', '2026-01-21 07:48:39'),
	(46, 3, '303', 1200.00, 'unit', 0.00, 'unit', 0.00, 0, '2026-01-21 07:48:39', '2026-01-21 07:48:39'),
	(47, 3, '304', 1200.00, 'unit', 0.00, 'unit', 0.00, 0, '2026-01-21 07:48:39', '2026-01-21 12:20:55'),
	(48, 3, '305', 1200.00, 'unit', 0.00, 'unit', 0.00, 0, '2026-01-21 07:48:39', '2026-01-21 07:48:39'),
	(49, 3, '306', 1200.00, 'unit', 0.00, 'unit', 0.00, 0, '2026-01-21 07:48:39', '2026-01-21 07:48:39'),
	(50, 3, '307', 1200.00, 'unit', 0.00, 'unit', 0.00, 0, '2026-01-21 07:48:39', '2026-01-21 07:48:39'),
	(51, 3, '308', 1200.00, 'unit', 0.00, 'unit', 0.00, 0, '2026-01-21 07:48:39', '2026-01-21 07:48:39'),
	(52, 3, '309', 1200.00, 'unit', 0.00, 'unit', 0.00, 0, '2026-01-21 07:48:39', '2026-01-21 07:48:39'),
	(53, 3, '310', 1200.00, 'unit', 0.00, 'unit', 0.00, 0, '2026-01-21 07:48:39', '2026-01-21 07:48:39'),
	(54, 3, '311', 1200.00, 'unit', 0.00, 'unit', 0.00, 0, '2026-01-21 07:48:39', '2026-01-21 07:48:39'),
	(55, 3, '312', 1200.00, 'unit', 0.00, 'unit', 0.00, 0, '2026-01-21 07:48:39', '2026-01-21 07:48:39'),
	(56, 3, '313', 1200.00, 'unit', 0.00, 'unit', 0.00, 0, '2026-01-21 07:48:39', '2026-01-21 07:48:39'),
	(57, 3, '314', 1200.00, 'unit', 0.00, 'unit', 0.00, 0, '2026-01-21 07:48:39', '2026-01-21 07:48:39'),
	(58, 3, '315', 1200.00, 'unit', 0.00, 'unit', 0.00, 0, '2026-01-21 07:48:39', '2026-01-21 07:48:39'),
	(59, 3, '316', 1200.00, 'unit', 0.00, 'unit', 0.00, 0, '2026-01-21 07:48:39', '2026-01-21 07:48:39'),
	(62, 4, '01', 1200.00, 'unit', 0.00, 'unit', 0.00, 0, '2026-01-21 07:56:56', '2026-01-21 07:56:56'),
	(63, 4, '02', 1200.00, 'unit', 0.00, 'unit', 0.00, 0, '2026-01-21 07:56:56', '2026-01-21 07:56:56'),
	(64, 4, '03', 1200.00, 'unit', 0.00, 'unit', 0.00, 0, '2026-01-21 07:56:56', '2026-01-21 07:56:56'),
	(65, 4, '04', 1200.00, 'unit', 0.00, 'unit', 0.00, 0, '2026-01-21 07:56:56', '2026-01-21 07:56:56'),
	(66, 4, '05', 1200.00, 'unit', 0.00, 'unit', 0.00, 0, '2026-01-21 07:56:56', '2026-01-21 07:56:56'),
	(67, 4, '06', 1200.00, 'unit', 0.00, 'unit', 0.00, 0, '2026-01-21 07:56:56', '2026-01-21 07:56:56'),
	(68, 4, '07', 1200.00, 'unit', 0.00, 'unit', 0.00, 0, '2026-01-21 07:56:56', '2026-01-21 07:56:56'),
	(69, 4, '08', 1200.00, 'unit', 0.00, 'unit', 0.00, 0, '2026-01-21 07:56:56', '2026-01-21 07:56:56'),
	(70, 4, '09', 1200.00, 'unit', 0.00, 'unit', 0.00, 0, '2026-01-21 07:56:56', '2026-01-21 07:56:56'),
	(71, 4, '10', 1200.00, 'unit', 0.00, 'unit', 0.00, 0, '2026-01-21 07:56:56', '2026-01-21 07:56:56'),
	(72, 4, '11', 1200.00, 'unit', 0.00, 'unit', 0.00, 0, '2026-01-21 07:56:56', '2026-01-21 07:56:56'),
	(73, 4, '12', 1200.00, 'unit', 0.00, 'unit', 0.00, 0, '2026-01-21 07:56:56', '2026-01-21 07:56:56'),
	(74, 4, '13', 1200.00, 'unit', 0.00, 'unit', 0.00, 0, '2026-01-21 07:56:56', '2026-01-21 07:56:56'),
	(75, 4, '14', 1200.00, 'unit', 0.00, 'unit', 0.00, 0, '2026-01-21 07:56:56', '2026-01-21 07:56:56'),
	(76, 4, '15', 1200.00, 'unit', 0.00, 'unit', 0.00, 0, '2026-01-21 07:56:56', '2026-01-21 07:56:56'),
	(77, 4, '32', 1200.00, 'unit', 0.00, 'unit', 0.00, 0, '2026-01-21 07:56:56', '2026-01-21 07:56:56'),
	(78, 5, '16', 1200.00, 'unit', 0.00, 'unit', 0.00, 0, '2026-01-21 07:58:19', '2026-01-21 07:58:19'),
	(79, 5, '17', 1200.00, 'unit', 0.00, 'unit', 0.00, 0, '2026-01-21 07:58:19', '2026-01-21 07:58:19'),
	(80, 5, '18', 1200.00, 'unit', 0.00, 'unit', 0.00, 0, '2026-01-21 07:58:19', '2026-01-21 07:58:19'),
	(81, 5, '19', 1200.00, 'unit', 0.00, 'unit', 0.00, 0, '2026-01-21 07:58:19', '2026-01-21 07:58:19'),
	(82, 5, '20', 1200.00, 'unit', 0.00, 'unit', 0.00, 0, '2026-01-21 07:58:19', '2026-01-21 07:58:19'),
	(83, 5, '21', 1200.00, 'unit', 0.00, 'unit', 0.00, 0, '2026-01-21 07:58:19', '2026-01-21 07:58:19'),
	(84, 5, '22', 1200.00, 'unit', 0.00, 'unit', 0.00, 0, '2026-01-21 07:58:19', '2026-01-21 07:58:19'),
	(85, 5, '23', 1200.00, 'unit', 0.00, 'unit', 0.00, 0, '2026-01-21 07:58:19', '2026-01-21 07:58:19'),
	(86, 5, '24', 1200.00, 'unit', 0.00, 'unit', 0.00, 0, '2026-01-21 07:58:19', '2026-01-21 07:58:19'),
	(87, 5, '25', 1200.00, 'unit', 0.00, 'unit', 0.00, 0, '2026-01-21 07:58:19', '2026-01-21 07:58:19'),
	(88, 5, '26', 1200.00, 'unit', 0.00, 'unit', 0.00, 0, '2026-01-21 07:58:19', '2026-01-21 07:58:19'),
	(89, 5, '27', 1200.00, 'unit', 0.00, 'unit', 0.00, 0, '2026-01-21 07:58:19', '2026-01-21 07:58:19'),
	(90, 5, '28', 1200.00, 'unit', 0.00, 'unit', 0.00, 0, '2026-01-21 07:58:19', '2026-01-21 07:58:19'),
	(91, 5, '29', 1200.00, 'unit', 0.00, 'unit', 0.00, 0, '2026-01-21 07:58:19', '2026-01-21 07:58:19'),
	(92, 5, '30', 1200.00, 'unit', 0.00, 'unit', 0.00, 0, '2026-01-21 07:58:19', '2026-01-21 07:58:19'),
	(93, 5, '31', 1200.00, 'unit', 0.00, 'unit', 0.00, 0, '2026-01-21 07:58:19', '2026-01-21 07:58:19');

-- Dumping structure for table room_management.settings
CREATE TABLE IF NOT EXISTS `settings` (
  `id` int(11) NOT NULL AUTO_INCREMENT,
  `setting_key` varchar(50) NOT NULL,
  `setting_value` text DEFAULT NULL,
  `created_at` timestamp NULL DEFAULT current_timestamp(),
  `updated_at` timestamp NULL DEFAULT current_timestamp() ON UPDATE current_timestamp(),
  PRIMARY KEY (`id`),
  UNIQUE KEY `setting_key` (`setting_key`)
) ENGINE=InnoDB AUTO_INCREMENT=6 DEFAULT CHARSET=utf8mb4 COLLATE=utf8mb4_unicode_ci;

-- Dumping data for table room_management.settings: ~5 rows (approximately)
INSERT INTO `settings` (`id`, `setting_key`, `setting_value`, `created_at`, `updated_at`) VALUES
	(1, 'water_rate', '18', '2026-01-20 13:55:49', '2026-01-20 13:55:49'),
	(2, 'electric_rate', '8', '2026-01-20 13:55:49', '2026-01-20 13:55:49'),
	(3, 'default_calculation_type', 'unit', '2026-01-20 13:55:49', '2026-01-20 13:55:49'),
	(4, 'trash_rate', '30', '2026-01-21 10:01:38', '2026-01-21 10:01:38'),
	(5, 'trash_fee', '30', '2026-01-21 10:14:33', '2026-01-21 10:14:33');

-- Dumping structure for table room_management.tenants
CREATE TABLE IF NOT EXISTS `tenants` (
  `id` int(11) NOT NULL AUTO_INCREMENT,
  `room_id` int(11) DEFAULT NULL,
  `name` varchar(100) NOT NULL,
  `phone` varchar(20) DEFAULT NULL,
  `id_number` varchar(20) DEFAULT NULL,
  `address` text DEFAULT NULL,
  `id_card_image` varchar(255) DEFAULT NULL,
  `contract_image` varchar(255) DEFAULT NULL,
  `move_in_date` date DEFAULT NULL,
  `move_out_date` date DEFAULT NULL,
  `is_active` tinyint(1) DEFAULT 1,
  `created_at` timestamp NULL DEFAULT current_timestamp(),
  `updated_at` timestamp NULL DEFAULT current_timestamp() ON UPDATE current_timestamp(),
  PRIMARY KEY (`id`),
  KEY `room_id` (`room_id`),
  CONSTRAINT `1` FOREIGN KEY (`room_id`) REFERENCES `rooms` (`id`) ON DELETE SET NULL
) ENGINE=InnoDB AUTO_INCREMENT=14 DEFAULT CHARSET=utf8mb4 COLLATE=utf8mb4_unicode_ci;

-- Dumping data for table room_management.tenants: ~1 rows (approximately)
INSERT INTO `tenants` (`id`, `room_id`, `name`, `phone`, `id_number`, `address`, `id_card_image`, `contract_image`, `move_in_date`, `move_out_date`, `is_active`, `created_at`, `updated_at`) VALUES
	(13, 12, 'มิกเกล วู', '0887779999', '1234567891234', '', '/uploads/tenants/101_20260121_idcard.png', '/uploads/tenants/101_20260121_contract.png', '2026-01-21', NULL, 1, '2026-01-21 12:22:30', '2026-01-21 12:22:30');

/*!40103 SET TIME_ZONE=IFNULL(@OLD_TIME_ZONE, 'system') */;
/*!40101 SET SQL_MODE=IFNULL(@OLD_SQL_MODE, '') */;
/*!40014 SET FOREIGN_KEY_CHECKS=IFNULL(@OLD_FOREIGN_KEY_CHECKS, 1) */;
/*!40101 SET CHARACTER_SET_CLIENT=@OLD_CHARACTER_SET_CLIENT */;
/*!40111 SET SQL_NOTES=IFNULL(@OLD_SQL_NOTES, 1) */;
